{
  "id": "",
  "name": "",
  "font_family": "iconfont",
  "css_prefix_text": "icon-",
  "description": "",
  "glyphs": [
    {
      "icon_id": "4765896",
      "name": "eye",
      "font_class": "eye",
      "unicode": "e78f",
      "unicode_decimal": 59279
    },
    {
      "icon_id": "4766293",
      "name": "user",
      "font_class": "user",
      "unicode": "e7ae",
      "unicode_decimal": 59310
    },
    {
      "icon_id": "4766694",
      "name": "unlock",
      "font_class": "unlock",
      "unicode": "e7c9",
      "unicode_decimal": 59337
    },
    {
      "icon_id": "4766695",
      "name": "lock",
      "font_class": "lock",
      "unicode": "e7ca",
      "unicode_decimal": 59338
    },
    {
      "icon_id": "4936966",
      "name": "aliwangwang",
      "font_class": "aliwangwang",
      "unicode": "e87e",
      "unicode_decimal": 59518
    },
    {
      "icon_id": "4936967",
      "name": "apple",
      "font_class": "apple",
      "unicode": "e87f",
      "unicode_decimal": 59519
    },
    {
      "icon_id": "4936968",
      "name": "android",
      "font_class": "android",
      "unicode": "e880",
      "unicode_decimal": 59520
    }
  ]
}
